<XCoolForm>
   <XCoolFormElements>
      <TitleBar>
	<InnerBorderColor r="212" g="208" b="200"></InnerBorderColor>
	<OuterBorderColor r="200" g="200" b="200"></OuterBorderColor>
        <TitleBarCaptionColor r="255" g="255" b="255"> </TitleBarCaptionColor>
	<ButtonBox>    
            <MixColor1 r="255" g="255" b="255"> </MixColor1>
	    <MixColor2 r="212" g="208" b="200"> </MixColor2>
	    <MixColor3 r="212" g="208" b="200"> </MixColor3>
	    <MixColor4 r="212" g="208" b="200"> </MixColor4>
	    <MixColor5 r="212" g="208" b="200"> </MixColor5>
            <ButtonBoxInnerColor r="128" g="128" b="128"> </ButtonBoxInnerColor>
            <ButtonBoxOuterColor r="255" g="255" b="255"> </ButtonBoxOuterColor>
        </ButtonBox>
	<TitleBarMixColors>
            <MixColor1 r="160" g="196" b="235"> </MixColor1>
	    <MixColor2 r="129" g="163" b="208"> </MixColor2>
	    <MixColor3 r="94" g="125" b="178"> </MixColor3>
	    <MixColor4 r="58" g="87" b="147"> </MixColor4>
	    <MixColor5 r="94" g="163" b="208"> </MixColor5>
        </TitleBarMixColors>
	<GradientStartColor r="160" g="196" b="235"></GradientStartColor>
        <GradientEndColor r="129" g="163" b="208"></GradientEndColor>
        <GlowFillStart r="58" g="87" b="147"></GlowFillStart>
        <GlowFillEnd r="94" g="163" b="208"></GlowFillEnd>
      </TitleBar>

      <TitleBarButton>
         <CloseButton>
            <SymbolColor r="235" g="235" b="235"> </SymbolColor>
            <FillColorOne  r="58" g="87" b="147"> </FillColorOne>
            <FillColorTwo r="94" g="163" b="208"> </FillColorTwo>
         </CloseButton>
         <MinButton>
            <SymbolColor r="235" g="235" b="235"> </SymbolColor>
           <FillColorOne  r="58" g="87" b="147"> </FillColorOne>
           <FillColorTwo r="94" g="163" b="208"> </FillColorTwo>
         </MinButton>
         <MaxButton>
            <SymbolColor r="235" g="235" b="235"> </SymbolColor>
            <FillColorOne  r="58" g="87" b="147"> </FillColorOne>
            <FillColorTwo r="94" g="163" b="208"> </FillColorTwo>
         </MaxButton>
      </TitleBarButton>
      
      <Border>
         <BorderOuterColors>
            <Color1 r="212" g="208" b="200"> </Color1>
	    <Color2 r="255" g="255" b="255"> </Color2>
	 </BorderOuterColors>
	 <BorderInnerColors>
            <Color1 r="212" g="208" b="200"> </Color1>
	    <Color2 r="212" g="208" b="200"> </Color2>
	    <Color3 r="212" g="208" b="200"> </Color3>
     <Color4 r="255" g="255" b="255"> </Color4>
	 </BorderInnerColors>
      </Border>

      <MenuIcon>
        <MixColor1 r="255" g="255" b="255"> </MixColor1>
        <MixColor2 r="212" g="208" b="200"> </MixColor2>
        <MixColor3 r="212" g="208" b="200"> </MixColor3>
        <MixColor4 r="212" g="208" b="200"> </MixColor4>
        <MixColor5 r="255" g="255" b="255"> </MixColor5>
        <MenuIconOuterBorder r="255" g="255" b="255"></MenuIconOuterBorder>
        <MenuIconInnerBorder r="128" g="128" b="128"></MenuIconInnerBorder>
      </MenuIcon>

      <IconHolder>
	<FrameStartColor r="160" g="196" b="235"> </FrameStartColor>
	<FrameEndColor r="129" g="163" b="208"> </FrameEndColor>
	<CaptionColor r="0" g="0" b="0"> </CaptionColor>
      </IconHolder>

      <StatusBar>
	<StatusBarItems>
          <SeparatorInnerColor r="255" g="255" b="255"> </SeparatorInnerColor>
	  <SeparatorOuterColor r="128" g="128" b="128"> </SeparatorOuterColor>
	  <FontColor r="0" g="0" b="0"> </FontColor>
	</StatusBarItems>
	<StatusStartColor r="228" g="225" b="220"> </StatusStartColor>
	<StatusEndColor r="213" g="209" b="200"> </StatusEndColor>
	<BorderColor r="212" g="208" b="200"> </BorderColor>
	<SizeGrip>
	  <ForeRectStart r="207" g="207" b="207"> </ForeRectStart>
	  <ForeRectEnd r="231" g="231" b="231"> </ForeRectEnd>
	  <BackRect r="170" g="170" b="170"> </BackRect>
	</SizeGrip>
      </StatusBar>
     
      <FormBackColor r="212" g="208" b="200"></FormBackColor>
   </XCoolFormElements>
</XCoolForm>
