<XCoolForm>
   <XCoolFormElements>
      <TitleBar>
	<InnerBorderColor r="158" g="158" b="158"></InnerBorderColor>
	<OuterBorderColor r="29" g="29" b="29"></OuterBorderColor>
        <TitleBarCaptionColor r="255" g="255" b="255"> </TitleBarCaptionColor>
	<ButtonBox>
    <MixColor1 r="74" g="74" b="74"> </MixColor1>
    <MixColor2 r="104" g="104" b="104"> </MixColor2>
    <MixColor3 r="106" g="106" b="106"> </MixColor3>
    <MixColor4 r="142" g="142" b="142"> </MixColor4>
    <MixColor5 r="150" g="150" b="150"> </MixColor5>
            <ButtonBoxInnerColor r="158" g="158" b="158"> </ButtonBoxInnerColor>
            <ButtonBoxOuterColor r="29" g="29" b="29"> </ButtonBoxOuterColor>
        </ButtonBox>
	<TitleBarMixColors>
            <MixColor1 r="74" g="74" b="74"> </MixColor1>
	    <MixColor2 r="104" g="104" b="104"> </MixColor2>
	    <MixColor3 r="106" g="106" b="106"> </MixColor3>
	    <MixColor4 r="142" g="142" b="142"> </MixColor4>
	    <MixColor5 r="150" g="150" b="150"> </MixColor5>
        </TitleBarMixColors>
        <GradientStartColor r="74" g="74" b="74"></GradientStartColor>
        <GradientEndColor r="106" g="106" b="106"></GradientEndColor>
        <GlowFillStart r="142" g="142" b="142"></GlowFillStart>
        <GlowFillEnd r="104" g="104" b="104"></GlowFillEnd>
     </TitleBar>

      <TitleBarButton>
         <CloseButton>
            <SymbolColor r="200" g="200" b="200"> </SymbolColor>
	    <FillColorOne r="102" g="102" b="102"> </FillColorOne>
            <FillColorTwo r="200" g="200" b="200"> </FillColorTwo>
         </CloseButton>
         <MinButton>
           <SymbolColor r="200" g="200" b="200"> </SymbolColor>
           <FillColorOne r="102" g="102" b="102"> </FillColorOne>
           <FillColorTwo r="200" g="200" b="200"> </FillColorTwo>
         </MinButton>
         <MaxButton>
           <SymbolColor r="200" g="200" b="200"> </SymbolColor>
           <FillColorOne r="102" g="102" b="102"> </FillColorOne>
           <FillColorTwo r="200" g="200" b="200"> </FillColorTwo>
         </MaxButton>
      </TitleBarButton>
      
      <Border>
         <BorderOuterColors>
            <Color1 r="25" g="25" b="25"> </Color1>
	    <Color2 r="221" g="221" b="221"> </Color2>
	 </BorderOuterColors>
	 <BorderInnerColors>
            <Color1 r="240" g="240" b="240"> </Color1>
	    <Color2 r="240" g="240" b="240"> </Color2>
	    <Color3 r="202" g="202" b="202"> </Color3>
	    <Color4 r="48" g="48" b="48"> </Color4>
	 </BorderInnerColors>
      </Border>

      <MenuIcon>
        <MixColor1 r="74" g="74" b="74"> </MixColor1>
        <MixColor2 r="104" g="104" b="104"> </MixColor2>
        <MixColor3 r="106" g="106" b="106"> </MixColor3>
        <MixColor4 r="142" g="142" b="142"> </MixColor4>
        <MixColor5 r="150" g="150" b="150"> </MixColor5>
        <MenuIconOuterBorder r="29" g="29" b="29"></MenuIconOuterBorder>
        <MenuIconInnerBorder r="158" g="158" b="158"></MenuIconInnerBorder>
      </MenuIcon>

      <IconHolder>
	<FrameStartColor r="102" g="102" b="102"> </FrameStartColor>
	<FrameEndColor r="42" g="42" b="42"> </FrameEndColor>
	<CaptionColor r="250" g="250" b="250"> </CaptionColor>
      </IconHolder>

      <StatusBar>
	<StatusBarItems>
          <SeparatorInnerColor r="221" g="221" b="221"> </SeparatorInnerColor>
	  <SeparatorOuterColor r="249" g="240" b="240"> </SeparatorOuterColor>
	  <FontColor r="10" g="10" b="10"> </FontColor>
	</StatusBarItems>
	<StatusStartColor r="249" g="250" b="253"> </StatusStartColor>
	<StatusEndColor r="223" g="226" b="243"> </StatusEndColor>
	<BorderColor r="145" g="145" b="145"> </BorderColor>
	<SizeGrip>
	  <ForeRectStart r="207" g="207" b="207"> </ForeRectStart>
	  <ForeRectEnd r="175" g="175" b="175"> </ForeRectEnd>
	  <BackRect r="231" g="231" b="231"> </BackRect>
	</SizeGrip>
      </StatusBar>
     
      <FormBackColor r="240" g="240" b="240"></FormBackColor>
   </XCoolFormElements>
</XCoolForm>
